Image_Path,Class
Training/Motorbike/2015_05830.jpg,Motorbike
Training/People/2015_06279.jpg,People
Training/Boat/2015_00807.jpg,Boat
Training/Cat/2015_03206.jpg,Cat
Training/Boat/2015_00677.jpg,Boat
Training/Motorbike/2015_05758.jpg,Motorbike
Training/People/2015_06275.jpg,People
Training/Cat/2015_03120.jpg,Cat
Training/Cat/2015_03245.jpg,Cat
Training/Table/2015_07038.jpg,Table
Training/People/2015_06305.jpg,People
Training/Motorbike/2015_05836.jpg,Motorbike
Training/Cat/2015_03072.jpg,Cat
Training/Motorbike/2015_05928.jpg,Motorbike
Training/Table/2015_07081.jpg,Table
Training/People/2015_06391.jpg,People
Training/Table/2015_06873.jpg,Table
Training/Bicycle/2015_00068.jpg,Bicycle
Training/Cat/2015_03212.jpg,Cat
Training/Table/2015_06930.jpg,Table
Training/Bicycle/2015_00004.jpg,Bicycle
Training/Boat/2015_00682.jpg,Boat
Training/Boat/2015_00703.jpg,Boat
Training/Cat/2015_03196.jpg,Cat
Training/Boat/2015_00780.jpg,Boat
Training/Motorbike/2015_05854.jpg,Motorbike
Training/Bicycle/2015_00213.jpg,Bicycle
Training/Boat/2015_00818.jpg,Boat
Training/Cat/2015_03054.jpg,Cat
Training/Table/2015_06982.jpg,Table
Training/People/2015_06284.jpg,People
Training/People/2015_06483.jpg,People
Training/Bicycle/2015_00016.jpg,Bicycle
Training/Cat/2015_03107.jpg,Cat
Training/Table/2015_06855.jpg,Table
Training/Cat/2015_03281.jpg,Cat
Training/Bicycle/2015_00008.jpg,Bicycle
Training/Boat/2015_00796.jpg,Boat
Training/People/2015_06462.jpg,People
Training/Table/2015_07011.jpg,Table
Training/Bicycle/2015_00160.jpg,Bicycle
Training/Boat/2015_00763.jpg,Boat
Training/Boat/2015_00751.jpg,Boat
Training/Motorbike/2015_05784.jpg,Motorbike
Training/Boat/2015_00752.jpg,Boat
Training/Bicycle/2015_00141.jpg,Bicycle
Training/Motorbike/2015_05972.jpg,Motorbike
Training/Motorbike/2015_05800.jpg,Motorbike
Training/People/2015_06422.jpg,People
Training/People/2015_06438.jpg,People
Training/Cat/2015_03174.jpg,Cat
Training/Motorbike/2015_05926.jpg,Motorbike
Training/Table/2015_06980.jpg,Table
Training/Boat/2015_00885.jpg,Boat
Training/Bicycle/2015_00092.jpg,Bicycle
Training/Bicycle/2015_00121.jpg,Bicycle
Training/Table/2015_06869.jpg,Table
Training/Boat/2015_00755.jpg,Boat
Training/People/2015_06295.jpg,People
Training/Table/2015_07037.jpg,Table
Training/Motorbike/2015_05859.jpg,Motorbike
Training/Bicycle/2015_00115.jpg,Bicycle
Training/Table/2015_06858.jpg,Table
Training/People/2015_06383.jpg,People
Training/Boat/2015_00655.jpg,Boat
Training/Cat/2015_03252.jpg,Cat
Training/Bicycle/2015_00187.jpg,Bicycle
Training/Table/2015_06868.jpg,Table
Training/Bicycle/2015_00100.jpg,Bicycle
Training/Boat/2015_00733.jpg,Boat
Training/Boat/2015_00882.jpg,Boat
Training/Table/2015_06899.jpg,Table
Training/Boat/2015_00847.jpg,Boat
Training/Motorbike/2015_05918.jpg,Motorbike
Training/People/2015_06470.jpg,People
Training/Boat/2015_00791.jpg,Boat
Training/Cat/2015_03261.jpg,Cat
Training/Motorbike/2015_05762.jpg,Motorbike
Training/Motorbike/2015_05869.jpg,Motorbike
Training/Table/2015_06919.jpg,Table
Training/Bicycle/2015_00236.jpg,Bicycle
Training/Cat/2015_03055.jpg,Cat
Training/Table/2015_06998.jpg,Table
Training/Bicycle/2015_00192.jpg,Bicycle
Training/Bicycle/2015_00199.jpg,Bicycle
Training/Cat/2015_03224.jpg,Cat
Training/Cat/2015_03076.jpg,Cat
Training/Cat/2015_03082.jpg,Cat
Training/Bicycle/2015_00108.jpg,Bicycle
Training/Cat/2015_03061.jpg,Cat
Training/Boat/2015_00750.jpg,Boat
Training/Boat/2015_00689.jpg,Boat
Training/Boat/2015_00672.jpg,Boat
Training/People/2015_06312.jpg,People
Training/Cat/2015_03236.jpg,Cat
Training/Cat/2015_03104.jpg,Cat
Training/Boat/2015_00794.jpg,Boat
Training/Motorbike/2015_05749.png,Motorbike
Training/Bicycle/2015_00171.jpg,Bicycle
Training/Cat/2015_03166.jpg,Cat
Training/Bicycle/2015_00186.jpg,Bicycle
Training/Motorbike/2015_05811.jpg,Motorbike
Training/Motorbike/2015_05838.jpg,Motorbike
Training/Bicycle/2015_00154.jpg,Bicycle
Training/Motorbike/2015_05773.jpg,Motorbike
Training/Boat/2015_00681.jpg,Boat
Training/People/2015_06274.jpg,People
Training/Bicycle/2015_00006.jpg,Bicycle
Training/Motorbike/2015_05931.jpg,Motorbike
Training/Boat/2015_00868.jpg,Boat
Training/People/2015_06335.jpg,People
Training/People/2015_06291.jpg,People
Training/Boat/2015_00788.jpg,Boat
Training/Table/2015_07032.jpg,Table
Training/Boat/2015_00806.jpg,Boat
Training/Bicycle/2015_00119.jpg,Bicycle
Training/Cat/2015_03123.jpg,Cat
Training/Cat/2015_03159.jpg,Cat
Training/Motorbike/2015_05903.jpg,Motorbike
Training/Motorbike/2015_05822.jpg,Motorbike
Training/Cat/2015_03117.jpg,Cat
Training/People/2015_06376.jpg,People
Training/Bicycle/2015_00106.jpg,Bicycle
Training/People/2015_06476.jpg,People
Training/Bicycle/2015_00067.jpg,Bicycle
Training/Motorbike/2015_05885.jpg,Motorbike
Training/Motorbike/2015_05870.jpg,Motorbike
Training/Bicycle/2015_00220.jpg,Bicycle
Training/Motorbike/2015_05897.jpg,Motorbike
Training/Bicycle/2015_00155.jpg,Bicycle
Training/Boat/2015_00878.jpg,Boat
Training/Motorbike/2015_05788.jpg,Motorbike
Training/People/2015_06425.jpg,People
Training/Cat/2015_03150.jpg,Cat
Training/Boat/2015_00773.jpg,Boat
Training/Cat/2015_03249.jpg,Cat
Training/Cat/2015_03177.jpg,Cat
Training/Table/2015_07050.jpg,Table
Training/Table/2015_07000.jpg,Table
Training/Cat/2015_03097.jpg,Cat
Training/Motorbike/2015_05875.jpg,Motorbike
Training/Cat/2015_03238.jpg,Cat
Training/Bicycle/2015_00176.jpg,Bicycle
Training/People/2015_06316.jpg,People
Training/Motorbike/2015_05817.jpg,Motorbike
Training/Table/2015_06860.jpg,Table
Training/Table/2015_06861.jpg,Table
Training/Boat/2015_00740.jpg,Boat
Training/Motorbike/2015_05841.jpg,Motorbike
Training/Bicycle/2015_00107.jpg,Bicycle
Training/People/2015_06398.jpg,People
Training/Motorbike/2015_05801.jpg,Motorbike
Training/Boat/2015_00696.jpg,Boat
Training/Cat/2015_03244.jpg,Cat
Training/Motorbike/2015_05824.jpg,Motorbike
Training/People/2015_06401.jpg,People
Training/Table/2015_07045.jpg,Table
Training/People/2015_06247.jpg,People
Training/Table/2015_06994.jpg,Table
Training/Boat/2015_00725.jpg,Boat
Training/Boat/2015_00829.jpg,Boat
Training/Motorbike/2015_05767.jpg,Motorbike
Training/Cat/2015_03070.jpg,Cat
Training/Motorbike/2015_05806.jpg,Motorbike
Training/Table/2015_06883.jpg,Table
Training/Table/2015_06915.jpg,Table
Training/People/2015_06325.jpg,People
Training/Motorbike/2015_05886.jpg,Motorbike
Training/Boat/2015_00778.jpg,Boat
Training/Bicycle/2015_00003.png,Bicycle
Training/Boat/2015_00739.jpg,Boat
Training/Bicycle/2015_00117.jpg,Bicycle
Training/Cat/2015_03092.jpg,Cat
Training/Motorbike/2015_05884.jpg,Motorbike
Training/Table/2015_06970.jpg,Table
Training/People/2015_06307.jpg,People
Training/Table/2015_06957.jpg,Table
Training/Bicycle/2015_00060.jpg,Bicycle
Training/Table/2015_06925.jpg,Table
Training/Table/2015_07086.jpg,Table
Training/People/2015_06322.jpg,People
Training/Table/2015_06953.jpg,Table
Training/Boat/2015_00884.jpg,Boat
Training/Cat/2015_03128.jpg,Cat
Training/Motorbike/2015_05905.jpg,Motorbike
Training/Bicycle/2015_00053.jpg,Bicycle
Training/Cat/2015_03050.jpg,Cat
Training/Boat/2015_00705.jpg,Boat
Training/Table/2015_06986.jpg,Table
Training/Bicycle/2015_00156.jpg,Bicycle
Training/Cat/2015_03234.jpg,Cat
Training/Table/2015_06936.jpg,Table
Training/Table/2015_07009.jpg,Table
Training/Motorbike/2015_05982.jpg,Motorbike
Training/Table/2015_06904.jpg,Table
Training/Boat/2015_00784.jpg,Boat
Training/Bicycle/2015_00232.jpg,Bicycle
Training/Cat/2015_03118.jpg,Cat
Training/Table/2015_07089.jpg,Table
Training/Bicycle/2015_00166.jpg,Bicycle
Training/Boat/2015_00827.jpg,Boat
Training/Boat/2015_00724.jpg,Boat
Training/Table/2015_07027.jpg,Table
Training/People/2015_06252.jpg,People
Training/Cat/2015_03207.jpg,Cat
Training/Cat/2015_03181.jpg,Cat
Training/People/2015_06459.jpg,People
Training/Cat/2015_03221.jpg,Cat
Training/Motorbike/2015_05879.jpg,Motorbike
Training/Boat/2015_00841.jpg,Boat
Training/People/2015_06333.jpg,People
Training/Motorbike/2015_05763.jpg,Motorbike
Training/Boat/2015_00661.jpg,Boat
Training/People/2015_06326.jpg,People
Training/Motorbike/2015_05964.jpg,Motorbike
Training/Bicycle/2015_00091.jpg,Bicycle
Training/Table/2015_06857.jpg,Table
Training/People/2015_06394.jpg,People
Training/Bicycle/2015_00181.jpg,Bicycle
Training/Bicycle/2015_00134.jpg,Bicycle
Training/Boat/2015_00708.jpg,Boat
Training/Bicycle/2015_00029.jpg,Bicycle
Training/People/2015_06386.jpg,People
Training/People/2015_06272.jpg,People
Training/Table/2015_07020.jpg,Table
Training/Bicycle/2015_00038.jpg,Bicycle
Training/Motorbike/2015_05950.jpg,Motorbike
Training/Motorbike/2015_05802.jpg,Motorbike
Training/People/2015_06303.jpg,People
Training/Motorbike/2015_05963.jpg,Motorbike
Training/Cat/2015_03147.jpg,Cat
Training/People/2015_06374.jpg,People
Training/Cat/2015_03208.jpg,Cat
Training/Bicycle/2015_00090.jpg,Bicycle
Training/People/2015_06480.jpg,People
Training/Cat/2015_03094.jpg,Cat
Training/Table/2015_07079.jpg,Table
Training/Table/2015_06886.jpg,Table
Training/Table/2015_06996.jpg,Table
Training/People/2015_06441.jpg,People
Training/Table/2015_07090.jpg,Table
Training/Cat/2015_03189.jpg,Cat
Training/People/2015_06485.jpg,People
Training/People/2015_06320.jpg,People
Training/Bicycle/2015_00225.jpg,Bicycle
Training/Table/2015_07085.jpg,Table
Training/Cat/2015_03141.jpg,Cat
Training/Motorbike/2015_05835.jpg,Motorbike
Training/Cat/2015_03258.jpg,Cat
Training/Table/2015_07084.jpg,Table
Training/People/2015_06263.jpg,People
Training/Cat/2015_03114.jpg,Cat
Training/Bicycle/2015_00144.jpg,Bicycle
Training/Bicycle/2015_00084.jpg,Bicycle
Training/Motorbike/2015_05748.jpg,Motorbike
Training/Boat/2015_00849.jpg,Boat
Training/Motorbike/2015_05761.jpg,Motorbike
Training/Motorbike/2015_05967.jpg,Motorbike
Training/Motorbike/2015_05944.jpg,Motorbike
Training/Motorbike/2015_05917.jpg,Motorbike
Training/People/2015_06330.jpg,People
Training/Boat/2015_00735.jpg,Boat
Training/Boat/2015_00745.jpg,Boat
Training/Cat/2015_03275.jpg,Cat
Training/Cat/2015_03113.jpg,Cat
Training/Table/2015_06971.jpg,Table
Training/Boat/2015_00881.jpg,Boat
Training/People/2015_06359.jpg,People
Training/Boat/2015_00867.jpg,Boat
Training/Motorbike/2015_05805.jpg,Motorbike
Training/Bicycle/2015_00037.jpg,Bicycle
Training/Boat/2015_00676.jpg,Boat
Training/Motorbike/2015_05891.jpg,Motorbike
Training/Boat/2015_00671.jpg,Boat
Training/Bicycle/2015_00112.jpg,Bicycle
Training/Motorbike/2015_05844.jpg,Motorbike
Training/Boat/2015_00886.jpg,Boat
Training/Motorbike/2015_05976.jpg,Motorbike
Training/Table/2015_06966.jpg,Table
Training/Table/2015_07031.jpg,Table
Training/Boat/2015_00657.jpg,Boat
Training/Motorbike/2015_05845.jpg,Motorbike
Training/Motorbike/2015_05960.jpg,Motorbike
Training/Cat/2015_03265.jpg,Cat
Training/People/2015_06413.jpg,People
Training/Motorbike/2015_05755.jpg,Motorbike
Training/People/2015_06418.jpg,People
Training/Boat/2015_00685.jpg,Boat
Training/Cat/2015_03200.jpg,Cat
Training/Table/2015_07012.jpg,Table
Training/Boat/2015_00821.jpg,Boat
Training/Motorbike/2015_05799.jpg,Motorbike
Training/Motorbike/2015_05796.jpg,Motorbike
Training/People/2015_06410.jpg,People
Training/Table/2015_06913.jpg,Table
Training/Bicycle/2015_00007.jpg,Bicycle
Training/Table/2015_06999.jpg,Table
Training/Cat/2015_03213.jpg,Cat
Training/Boat/2015_00749.jpg,Boat
Training/Motorbike/2015_05842.jpg,Motorbike
Training/People/2015_06366.jpg,People
Training/Table/2015_07001.jpg,Table
Training/Bicycle/2015_00087.jpg,Bicycle
Training/Cat/2015_03135.jpg,Cat
Training/Cat/2015_03280.jpg,Cat
Training/Motorbike/2015_05803.jpg,Motorbike
Training/Motorbike/2015_05851.jpg,Motorbike
Training/Bicycle/2015_00239.jpg,Bicycle
Training/Bicycle/2015_00123.jpg,Bicycle
Training/Bicycle/2015_00110.jpg,Bicycle
Training/Bicycle/2015_00169.jpg,Bicycle
Training/Boat/2015_00825.jpg,Boat
Training/Cat/2015_03134.jpg,Cat
Training/Bicycle/2015_00014.jpg,Bicycle
Training/Bicycle/2015_00022.jpg,Bicycle
Training/People/2015_06353.jpg,People
Training/Motorbike/2015_05819.jpg,Motorbike
Training/Boat/2015_00840.jpg,Boat
Training/Bicycle/2015_00070.jpg,Bicycle
Training/Table/2015_07091.jpg,Table
Training/Table/2015_06921.jpg,Table
Training/Table/2015_07069.jpg,Table
Training/People/2015_06463.jpg,People
Training/Cat/2015_03183.jpg,Cat
Training/Cat/2015_03201.jpg,Cat
Training/Cat/2015_03133.jpg,Cat
Training/Motorbike/2015_05877.jpg,Motorbike
Training/Boat/2015_00875.jpg,Boat
Training/Boat/2015_00852.jpg,Boat
Training/Cat/2015_03148.jpg,Cat
Training/Boat/2015_00704.jpg,Boat
Training/Boat/2015_00850.jpg,Boat
Training/Boat/2015_00815.jpg,Boat
Training/Cat/2015_03185.jpg,Cat
Training/Boat/2015_00787.jpg,Boat
Training/Bicycle/2015_00101.jpg,Bicycle
Training/People/2015_06402.jpg,People
Training/People/2015_06460.jpg,People
Training/Boat/2015_00785.jpg,Boat
Training/Table/2015_07073.jpg,Table
Training/Bicycle/2015_00104.jpg,Bicycle
Training/Bicycle/2015_00209.jpg,Bicycle
Training/Boat/2015_00714.jpg,Boat
Training/Boat/2015_00817.jpg,Boat
Training/Bicycle/2015_00229.jpg,Bicycle
Training/Motorbike/2015_05866.jpg,Motorbike
Training/Table/2015_06864.jpg,Table
Training/Bicycle/2015_00096.jpg,Bicycle
Training/Motorbike/2015_05952.jpg,Motorbike
Training/Table/2015_06990.jpg,Table
Training/Motorbike/2015_05977.jpg,Motorbike
Training/Motorbike/2015_05947.jpg,Motorbike
Training/Motorbike/2015_05973.jpg,Motorbike
Training/Boat/2015_00838.jpg,Boat
Training/Bicycle/2015_00015.jpg,Bicycle
Training/People/2015_06378.jpg,People
Training/Motorbike/2015_05843.jpg,Motorbike
Training/Bicycle/2015_00052.jpg,Bicycle
Training/Boat/2015_00679.jpg,Boat
Training/Motorbike/2015_05781.jpg,Motorbike
Training/Boat/2015_00748.jpg,Boat
Training/Motorbike/2015_05757.jpg,Motorbike
Training/Boat/2015_00690.jpg,Boat
Training/People/2015_06452.jpg,People
Training/Boat/2015_00782.jpg,Boat
Training/Table/2015_07061.jpg,Table
Training/Bicycle/2015_00184.jpg,Bicycle
Training/Boat/2015_00684.jpg,Boat
Training/Table/2015_06863.jpg,Table
Training/Cat/2015_03266.jpg,Cat
Training/Table/2015_07064.jpg,Table
Training/Bicycle/2015_00161.jpg,Bicycle
Training/Cat/2015_03140.jpg,Cat
Training/People/2015_06286.jpg,People
Training/Bicycle/2015_00034.jpg,Bicycle
Training/Cat/2015_03053.jpg,Cat
Training/People/2015_06319.jpg,People
Training/People/2015_06324.jpg,People
Training/Motorbike/2015_05768.jpg,Motorbike
Training/Table/2015_06987.jpg,Table
Training/People/2015_06397.jpg,People
Training/People/2015_06360.jpg,People
Training/Cat/2015_03075.jpg,Cat
Training/Bicycle/2015_00118.jpg,Bicycle
Training/People/2015_06411.jpg,People
Training/Motorbike/2015_05953.jpg,Motorbike
Training/Bicycle/2015_00168.jpg,Bicycle
Training/People/2015_06471.jpg,People
Training/Table/2015_06992.jpg,Table
Training/Cat/2015_03268.jpg,Cat
Training/Boat/2015_00656.jpg,Boat
Training/Cat/2015_03049.jpg,Cat
Training/Motorbike/2015_05864.jpg,Motorbike
Training/People/2015_06362.jpg,People
Training/People/2015_06369.jpg,People
Training/Table/2015_07072.jpg,Table
Training/Motorbike/2015_05873.jpg,Motorbike
Training/People/2015_06427.jpg,People
Training/Boat/2015_00764.jpg,Boat
Training/Cat/2015_03138.jpg,Cat
Training/Cat/2015_03126.jpg,Cat
Training/Bicycle/2015_00113.jpg,Bicycle
Training/Motorbike/2015_05794.jpg,Motorbike
Training/Boat/2015_00792.jpg,Boat
Training/Table/2015_06944.jpg,Table
Training/Table/2015_06897.jpg,Table
Training/Boat/2015_00753.jpg,Boat
Training/Cat/2015_03108.jpg,Cat
Training/Cat/2015_03146.jpg,Cat
Training/Bicycle/2015_00109.jpg,Bicycle
Training/Bicycle/2015_00179.jpg,Bicycle
Training/People/2015_06262.jpg,People
Training/Cat/2015_03047.png,Cat
Training/Bicycle/2015_00033.jpg,Bicycle
Training/Boat/2015_00790.jpg,Boat
Training/Bicycle/2015_00162.jpg,Bicycle
Training/People/2015_06395.jpg,People
Training/Table/2015_06903.jpg,Table
Training/Bicycle/2015_00170.jpg,Bicycle
Training/Boat/2015_00828.jpg,Boat
Training/Bicycle/2015_00039.jpg,Bicycle
Training/Cat/2015_03139.jpg,Cat
Training/People/2015_06278.jpg,People
Training/Table/2015_07029.jpg,Table
Training/People/2015_06332.jpg,People
Training/Motorbike/2015_05906.jpg,Motorbike
Training/Motorbike/2015_05856.jpg,Motorbike
Training/People/2015_06428.jpg,People
Training/Motorbike/2015_05818.jpg,Motorbike
Training/Table/2015_07041.jpg,Table
Training/Bicycle/2015_00203.jpg,Bicycle
Training/Boat/2015_00710.jpg,Boat
Training/Cat/2015_03162.jpg,Cat
Training/People/2015_06385.jpg,People
Training/Motorbike/2015_05745.jpg,Motorbike
Training/Boat/2015_00668.jpg,Boat
Training/Table/2015_06952.jpg,Table
Training/People/2015_06408.jpg,People
Training/Cat/2015_03226.jpg,Cat
Training/Table/2015_07033.jpg,Table
Training/Table/2015_07039.jpg,Table
Training/People/2015_06346.jpg,People
Training/Cat/2015_03081.jpg,Cat
Training/Table/2015_07059.jpg,Table
Training/Motorbike/2015_05797.jpg,Motorbike
Training/Motorbike/2015_05965.jpg,Motorbike
Training/Table/2015_06989.jpg,Table
Training/Cat/2015_03048.jpg,Cat
Training/People/2015_06473.jpg,People
Training/People/2015_06298.jpg,People
Training/Boat/2015_00662.jpg,Boat
Training/Cat/2015_03254.jpg,Cat
Training/Bicycle/2015_00214.jpg,Bicycle
Training/People/2015_06321.jpg,People
Training/Motorbike/2015_05752.png,Motorbike
Training/Table/2015_06891.jpg,Table
Training/Boat/2015_00715.jpg,Boat
Training/Cat/2015_03202.jpg,Cat
Training/Motorbike/2015_05791.jpg,Motorbike
Training/People/2015_06389.jpg,People
Training/Table/2015_07065.jpg,Table
Training/Motorbike/2015_05793.jpg,Motorbike
Training/Cat/2015_03199.jpg,Cat
Training/Bicycle/2015_00231.jpg,Bicycle
Training/Table/2015_07036.jpg,Table
Training/Bicycle/2015_00030.jpg,Bicycle
Training/Boat/2015_00797.jpg,Boat
Training/Bicycle/2015_00190.jpg,Bicycle
Training/Bicycle/2015_00217.jpg,Bicycle
Training/People/2015_06302.jpg,People
Training/People/2015_06250.jpg,People
Training/Motorbike/2015_05774.jpg,Motorbike
Training/Boat/2015_00822.jpg,Boat
Training/Cat/2015_03247.jpg,Cat
Training/Cat/2015_03195.jpg,Cat
Training/Bicycle/2015_00047.jpg,Bicycle
Training/Boat/2015_00781.jpg,Boat
Training/Motorbike/2015_05932.jpg,Motorbike
Training/Bicycle/2015_00129.jpg,Bicycle
Training/Bicycle/2015_00137.jpg,Bicycle
Training/Cat/2015_03102.jpg,Cat
Training/Boat/2015_00706.jpg,Boat
Training/Cat/2015_03263.jpg,Cat
Training/Bicycle/2015_00224.jpg,Bicycle
Training/Table/2015_06927.jpg,Table
Training/Cat/2015_03066.jpg,Cat
Training/People/2015_06358.jpg,People
Training/Bicycle/2015_00081.jpg,Bicycle
Training/Boat/2015_00697.jpg,Boat
Training/People/2015_06456.jpg,People
Training/People/2015_06317.jpg,People
Training/Cat/2015_03184.jpg,Cat
Training/Cat/2015_03248.jpg,Cat
Training/Cat/2015_03193.jpg,Cat
Training/Cat/2015_03260.jpg,Cat
Training/Motorbike/2015_05855.jpg,Motorbike
Training/Motorbike/2015_05958.jpg,Motorbike
Training/Bicycle/2015_00078.jpg,Bicycle
Training/People/2015_06466.jpg,People
Training/Boat/2015_00712.jpg,Boat
Training/Cat/2015_03233.jpg,Cat
Training/Table/2015_06968.jpg,Table
Training/Cat/2015_03052.jpg,Cat
Training/Bicycle/2015_00018.jpg,Bicycle
Training/Boat/2015_00889.jpg,Boat
Training/Cat/2015_03223.jpg,Cat
Training/Table/2015_06916.jpg,Table
Training/People/2015_06380.jpg,People
Training/Cat/2015_03187.jpg,Cat
Training/Table/2015_07019.jpg,Table
Training/Boat/2015_00675.jpg,Boat
Training/Boat/2015_00861.jpg,Boat
Training/Table/2015_06890.jpg,Table
Training/People/2015_06469.jpg,People
Training/Bicycle/2015_00193.jpg,Bicycle
Training/People/2015_06361.jpg,People
Training/Boat/2015_00795.jpg,Boat
Training/Table/2015_06926.jpg,Table
Training/Motorbike/2015_05756.jpg,Motorbike
Training/Table/2015_06862.jpg,Table
Training/Table/2015_06908.jpg,Table
Training/Motorbike/2015_05939.jpg,Motorbike
Training/Bicycle/2015_00086.jpg,Bicycle
Training/People/2015_06341.jpg,People
Training/Cat/2015_03100.jpg,Cat
Training/People/2015_06387.jpg,People
Training/Motorbike/2015_05861.jpg,Motorbike
Training/Cat/2015_03273.jpg,Cat
Training/Boat/2015_00862.jpg,Boat
Training/Bicycle/2015_00126.jpg,Bicycle
Training/People/2015_06297.jpg,People
Training/Bicycle/2015_00056.jpg,Bicycle
Training/Cat/2015_03043.jpg,Cat
Training/Table/2015_06981.jpg,Table
Training/Motorbike/2015_05778.jpg,Motorbike
Training/People/2015_06365.jpg,People
Training/Boat/2015_00824.jpg,Boat
Training/Bicycle/2015_00221.jpg,Bicycle
Training/Boat/2015_00694.jpg,Boat
Training/Bicycle/2015_00122.jpg,Bicycle
Training/Bicycle/2015_00059.jpg,Bicycle
Training/Motorbike/2015_05795.jpg,Motorbike
Training/People/2015_06444.jpg,People
Training/Table/2015_06894.jpg,Table
Training/Bicycle/2015_00196.jpg,Bicycle
Training/Bicycle/2015_00136.jpg,Bicycle
Training/People/2015_06434.jpg,People
Training/Cat/2015_03087.jpg,Cat
Training/Cat/2015_03155.jpg,Cat
Training/People/2015_06449.jpg,People
Training/People/2015_06340.jpg,People
Training/Bicycle/2015_00153.jpg,Bicycle
Training/Table/2015_06884.jpg,Table
Training/Motorbike/2015_05900.jpg,Motorbike
Training/Table/2015_07023.jpg,Table
Training/Table/2015_06967.jpg,Table
Training/Motorbike/2015_05789.jpg,Motorbike
Training/Table/2015_07003.jpg,Table
Training/Table/2015_06945.jpg,Table
Training/Table/2015_06907.jpg,Table
Training/Boat/2015_00888.jpg,Boat
Training/Cat/2015_03156.jpg,Cat
Training/People/2015_06403.jpg,People
Training/People/2015_06382.jpg,People
Training/People/2015_06455.jpg,People
Training/Boat/2015_00873.jpg,Boat
Training/Table/2015_06879.jpg,Table
Training/Motorbike/2015_05769.jpg,Motorbike
Training/People/2015_06357.jpg,People
Training/Boat/2015_00659.jpg,Boat
Training/Cat/2015_03062.jpg,Cat
Training/Motorbike/2015_05759.jpg,Motorbike
Training/People/2015_06465.jpg,People
Training/People/2015_06388.jpg,People
Training/Cat/2015_03056.jpg,Cat
Training/Boat/2015_00855.jpg,Boat
Training/Boat/2015_00872.jpg,Boat
Training/Cat/2015_03216.jpg,Cat
Training/Table/2015_06878.jpg,Table
Training/Table/2015_06871.jpg,Table
Training/Cat/2015_03269.jpg,Cat
Training/Bicycle/2015_00093.jpg,Bicycle
Training/Motorbike/2015_05820.jpg,Motorbike
Training/Bicycle/2015_00073.jpg,Bicycle
Training/People/2015_06264.jpg,People
Training/Table/2015_07071.jpg,Table
Training/Table/2015_06902.jpg,Table
Training/Boat/2015_00702.jpg,Boat
Training/Bicycle/2015_00211.jpg,Bicycle
Training/Boat/2015_00851.jpg,Boat
Training/Table/2015_07056.jpg,Table
Training/Table/2015_07048.jpg,Table
Training/Motorbike/2015_05853.jpg,Motorbike
Training/People/2015_06364.jpg,People
Training/Boat/2015_00727.jpg,Boat
Training/Motorbike/2015_05890.jpg,Motorbike
Training/Boat/2015_00816.jpg,Boat
Training/Table/2015_07010.jpg,Table
Training/Motorbike/2015_05957.jpg,Motorbike
Training/Table/2015_07018.jpg,Table
Training/Cat/2015_03259.jpg,Cat
Training/Boat/2015_00887.jpg,Boat
Training/Cat/2015_03098.jpg,Cat
Training/Boat/2015_00729.jpg,Boat
Training/Bicycle/2015_00049.jpg,Bicycle
Training/Motorbike/2015_05888.jpg,Motorbike
Training/Bicycle/2015_00233.jpg,Bicycle
Training/Bicycle/2015_00050.jpg,Bicycle
Training/Table/2015_07013.jpg,Table
Training/Bicycle/2015_00219.jpg,Bicycle
Training/Motorbike/2015_05881.jpg,Motorbike
Training/Table/2015_06974.jpg,Table
Training/Cat/2015_03124.jpg,Cat
Training/People/2015_06269.jpg,People
Training/People/2015_06265.jpg,People
Training/Boat/2015_00820.jpg,Boat
Training/Table/2015_07030.jpg,Table
Training/Table/2015_06874.jpg,Table
Training/Boat/2015_00808.jpg,Boat
Training/Table/2015_06887.jpg,Table
Training/Boat/2015_00767.jpg,Boat
Training/Motorbike/2015_05751.jpg,Motorbike
Training/Table/2015_06997.jpg,Table
Training/People/2015_06482.jpg,People
Training/Motorbike/2015_05887.jpg,Motorbike
Training/Boat/2015_00848.jpg,Boat
Training/People/2015_06461.jpg,People
Training/Cat/2015_03058.jpg,Cat
Training/Table/2015_06859.jpg,Table
Training/Table/2015_06931.jpg,Table
Training/People/2015_06474.jpeg,People
Training/Cat/2015_03229.jpg,Cat
Training/Table/2015_07025.jpg,Table
Training/Bicycle/2015_00020.jpg,Bicycle
Training/Motorbike/2015_05867.jpg,Motorbike
Training/People/2015_06419.jpg,People
Training/People/2015_06348.jpg,People
Training/Motorbike/2015_05942.jpg,Motorbike
Training/Boat/2015_00711.jpg,Boat
Training/People/2015_06334.jpg,People
Training/Table/2015_06950.jpg,Table
Training/People/2015_06313.jpg,People
Training/Bicycle/2015_00012.jpg,Bicycle
Training/Motorbike/2015_05983.jpg,Motorbike
Training/Motorbike/2015_05979.jpg,Motorbike
Training/Cat/2015_03164.jpg,Cat
Training/Boat/2015_00718.jpg,Boat
Training/Motorbike/2015_05910.jpg,Motorbike
Training/Cat/2015_03084.jpg,Cat
Training/Bicycle/2015_00124.jpg,Bicycle
Training/Cat/2015_03175.jpg,Cat
Training/Boat/2015_00805.jpg,Boat
Training/Table/2015_06991.jpg,Table
Training/Motorbike/2015_05840.jpg,Motorbike
Training/Table/2015_06853.jpg,Table
Training/Table/2015_06955.jpg,Table
Training/People/2015_06287.jpg,People
Training/Cat/2015_03130.jpg,Cat
Training/People/2015_06447.jpg,People
Training/Bicycle/2015_00240.jpg,Bicycle
Training/Boat/2015_00768.jpg,Boat
Training/Boat/2015_00864.jpg,Boat
Training/Cat/2015_03074.jpg,Cat
Training/Boat/2015_00698.jpg,Boat
Training/Table/2015_06993.jpg,Table
Training/Motorbike/2015_05971.jpg,Motorbike
Training/Bicycle/2015_00128.jpg,Bicycle
Training/Bicycle/2015_00131.jpg,Bicycle
Training/Motorbike/2015_05882.jpg,Motorbike
Training/Boat/2015_00723.jpg,Boat
Training/People/2015_06296.jpg,People
Training/Motorbike/2015_05760.jpg,Motorbike
Training/Bicycle/2015_00072.jpg,Bicycle
Training/Cat/2015_03194.jpg,Cat
Training/Cat/2015_03045.png,Cat
Training/Motorbike/2015_05949.jpg,Motorbike
Training/People/2015_06417.jpg,People
Training/Motorbike/2015_05893.jpg,Motorbike
Training/Table/2015_06854.jpg,Table
Training/Boat/2015_00701.jpg,Boat
Training/Bicycle/2015_00048.jpg,Bicycle
Training/Bicycle/2015_00043.jpg,Bicycle
Training/Cat/2015_03080.jpg,Cat
Training/Table/2015_06922.jpg,Table
Training/Bicycle/2015_00135.jpg,Bicycle
Training/Boat/2015_00853.jpg,Boat
Training/Table/2015_06852.jpg,Table
Training/Boat/2015_00801.jpg,Boat
Training/Boat/2015_00695.jpg,Boat
Training/Bicycle/2015_00139.jpg,Bicycle
Training/Table/2015_06929.jpg,Table
Training/Motorbike/2015_05775.jpg,Motorbike
Training/Table/2015_07040.jpg,Table
Training/Bicycle/2015_00189.jpg,Bicycle
Training/Cat/2015_03149.jpg,Cat
Training/People/2015_06424.jpg,People
Training/Boat/2015_00802.jpg,Boat
Training/Motorbike/2015_05980.jpg,Motorbike
Training/Motorbike/2015_05839.jpg,Motorbike
Training/Table/2015_07087.jpg,Table
Training/Table/2015_06912.jpg,Table
Training/Cat/2015_03256.jpg,Cat
Training/People/2015_06293.jpg,People
Training/People/2015_06351.jpg,People
Training/People/2015_06405.jpg,People
Training/Bicycle/2015_00152.jpg,Bicycle
Training/Cat/2015_03088.jpg,Cat
Training/Table/2015_07062.jpg,Table
Training/Cat/2015_03274.jpg,Cat
Training/Motorbike/2015_05777.jpg,Motorbike
Training/Bicycle/2015_00019.jpg,Bicycle
Training/Cat/2015_03096.jpg,Cat
Training/People/2015_06416.jpg,People
Training/People/2015_06253.jpg,People
Training/Cat/2015_03099.jpg,Cat
Training/Cat/2015_03214.jpg,Cat
Training/People/2015_06308.jpg,People
Training/Boat/2015_00707.jpg,Boat
Training/Table/2015_06965.jpg,Table
Training/Motorbike/2015_05809.jpg,Motorbike
Training/People/2015_06254.jpg,People
Training/People/2015_06309.jpg,People
Training/Cat/2015_03176.jpg,Cat
Training/Motorbike/2015_05868.jpg,Motorbike
Training/Table/2015_06985.jpg,Table
Training/People/2015_06467.jpg,People
Training/Cat/2015_03190.jpg,Cat
Training/Boat/2015_00746.jpg,Boat
Training/People/2015_06445.jpg,People
Training/Bicycle/2015_00111.jpg,Bicycle
Training/Cat/2015_03242.jpg,Cat
Training/Motorbike/2015_05798.jpg,Motorbike
Training/Cat/2015_03116.jpg,Cat
Training/People/2015_06481.jpg,People
Training/Boat/2015_00819.jpg,Boat
Training/People/2015_06415.jpg,People
Training/Motorbike/2015_05792.jpg,Motorbike
Training/People/2015_06426.jpg,People
Training/Bicycle/2015_00185.jpg,Bicycle
Training/Bicycle/2015_00146.jpg,Bicycle
Training/People/2015_06273.jpg,People
Training/Cat/2015_03279.jpg,Cat
Training/Motorbike/2015_05804.jpg,Motorbike
Training/Motorbike/2015_05831.jpg,Motorbike
Training/Boat/2015_00663.jpg,Boat
Training/Cat/2015_03145.jpg,Cat
Training/Bicycle/2015_00099.jpg,Bicycle
Training/Table/2015_06995.jpg,Table
Training/People/2015_06329.jpg,People
Training/Bicycle/2015_00178.jpg,Bicycle
Training/People/2015_06299.jpg,People
Training/Motorbike/2015_05810.jpg,Motorbike
Training/Cat/2015_03197.jpg,Cat
Training/Table/2015_07057.jpg,Table
Training/Motorbike/2015_05948.jpg,Motorbike
Training/Cat/2015_03235.jpg,Cat
Training/Cat/2015_03270.jpg,Cat
Training/Bicycle/2015_00230.jpg,Bicycle
Training/Cat/2015_03065.jpg,Cat
Training/Cat/2015_03271.jpg,Cat
Training/Bicycle/2015_00035.jpg,Bicycle
Training/People/2015_06283.jpg,People
Training/Table/2015_06959.jpg,Table
Training/Table/2015_06914.jpg,Table
Training/People/2015_06323.jpg,People
Training/Table/2015_06956.jpg,Table
Training/Boat/2015_00686.jpg,Boat
Training/Cat/2015_03143.jpg,Cat
Training/Bicycle/2015_00011.jpg,Bicycle
Training/Cat/2015_03198.jpg,Cat
Training/Boat/2015_00693.jpg,Boat
Training/Bicycle/2015_00066.jpg,Bicycle
Training/Motorbike/2015_05904.jpg,Motorbike
Training/Cat/2015_03191.jpg,Cat
Training/People/2015_06285.jpg,People
Training/Cat/2015_03069.jpg,Cat
Training/Cat/2015_03215.jpg,Cat
Training/People/2015_06266.jpg,People
Training/Motorbike/2015_05834.jpg,Motorbike
Training/Table/2015_07076.jpg,Table
Training/People/2015_06337.jpg,People
Training/People/2015_06407.jpg,People
Training/Cat/2015_03267.jpg,Cat
Training/Motorbike/2015_05969.jpg,Motorbike
Training/Table/2015_07034.jpg,Table
Training/Table/2015_07022.jpg,Table
Training/Bicycle/2015_00182.jpg,Bicycle
Training/People/2015_06409.jpg,People
Training/Cat/2015_03132.jpg,Cat
Training/Boat/2015_00680.jpg,Boat
Training/Motorbike/2015_05970.jpg,Motorbike
Training/Bicycle/2015_00140.jpg,Bicycle
Training/Bicycle/2015_00150.jpg,Bicycle
Training/Cat/2015_03186.jpg,Cat
Training/People/2015_06475.jpg,People
Training/Table/2015_07083.jpg,Table
Training/Boat/2015_00777.jpg,Boat
Training/Bicycle/2015_00054.jpg,Bicycle
Training/Motorbike/2015_05863.jpg,Motorbike
Training/Boat/2015_00666.jpg,Boat
Training/Motorbike/2015_05920.jpg,Motorbike
Training/Motorbike/2015_05951.jpg,Motorbike
Training/Cat/2015_03154.jpg,Cat
Training/Cat/2015_03127.jpg,Cat
Training/Cat/2015_03178.jpg,Cat
Training/Motorbike/2015_05865.jpg,Motorbike
Training/Boat/2015_00810.jpg,Boat
Training/Table/2015_07004.jpg,Table
Training/Bicycle/2015_00201.jpg,Bicycle
Training/Motorbike/2015_05922.jpg,Motorbike
Training/People/2015_06396.jpg,People
Training/People/2015_06306.jpg,People
Training/Table/2015_06892.jpg,Table
Training/Table/2015_06962.jpg,Table
Training/Boat/2015_00667.jpg,Boat
Training/Cat/2015_03167.jpg,Cat
Training/Table/2015_07074.jpg,Table
Training/People/2015_06393.jpg,People
Training/Bicycle/2015_00063.jpg,Bicycle
Training/People/2015_06344.jpg,People
Training/Table/2015_06918.jpg,Table
Training/Boat/2015_00803.jpg,Boat
Training/Boat/2015_00844.jpg,Boat
Training/Bicycle/2015_00174.jpg,Bicycle
Training/Bicycle/2015_00042.jpg,Bicycle
Training/Boat/2015_00779.jpg,Boat
Training/Bicycle/2015_00127.jpg,Bicycle
Training/Cat/2015_03241.jpg,Cat
Training/Bicycle/2015_00062.jpg,Bicycle
Training/Cat/2015_03192.jpg,Cat
Training/Boat/2015_00757.jpg,Boat
Training/People/2015_06342.jpg,People
Training/Motorbike/2015_05862.jpg,Motorbike
Training/Boat/2015_00700.jpg,Boat
Training/Bicycle/2015_00216.jpg,Bicycle
Training/Table/2015_07053.jpg,Table
Training/Motorbike/2015_05826.jpg,Motorbike
Training/Bicycle/2015_00149.jpg,Bicycle
Training/Motorbike/2015_05815.jpg,Motorbike
Training/Bicycle/2015_00071.jpg,Bicycle
Training/Motorbike/2015_05974.jpg,Motorbike
Training/Motorbike/2015_05832.jpg,Motorbike
Training/Bicycle/2015_00080.jpg,Bicycle
Training/Boat/2015_00869.jpg,Boat
Training/Motorbike/2015_05935.jpg,Motorbike
Training/Boat/2015_00742.jpg,Boat
Training/Bicycle/2015_00172.jpg,Bicycle
Training/Table/2015_07026.jpg,Table
Training/Motorbike/2015_05925.jpg,Motorbike
Training/People/2015_06311.jpg,People
Training/People/2015_06304.jpg,People
Training/People/2015_06249.jpg,People
Training/People/2015_06256.jpg,People
Training/People/2015_06257.jpg,People
Training/Boat/2015_00743.jpg,Boat
Training/Boat/2015_00760.jpg,Boat
Training/Boat/2015_00722.jpg,Boat
Training/People/2015_06377.jpg,People
Training/Boat/2015_00856.jpg,Boat
Training/Table/2015_07016.jpg,Table
Training/People/2015_06404.jpg,People
Training/Boat/2015_00774.jpg,Boat
Training/Table/2015_07035.jpg,Table
Training/Boat/2015_00832.jpg,Boat
Training/Table/2015_06939.jpg,Table
Training/Motorbike/2015_05780.jpg,Motorbike
Training/People/2015_06479.jpg,People
Training/Cat/2015_03240.jpg,Cat
Training/Bicycle/2015_00040.jpg,Bicycle
Training/Boat/2015_00756.jpg,Boat
Training/Table/2015_07067.jpg,Table
Training/Table/2015_06923.jpg,Table
Training/Bicycle/2015_00074.jpg,Bicycle
Training/Boat/2015_00720.jpg,Boat
Training/People/2015_06373.jpg,People
Training/Cat/2015_03277.jpg,Cat
Training/Boat/2015_00658.jpg,Boat
Training/Bicycle/2015_00097.jpg,Bicycle
Training/Table/2015_06901.jpg,Table
Training/Table/2015_06977.jpg,Table
Training/Table/2015_06909.jpg,Table
Training/People/2015_06368.jpg,People
Training/Cat/2015_03067.jpg,Cat
Training/People/2015_06431.jpg,People
Training/Cat/2015_03239.jpg,Cat
Training/Boat/2015_00741.jpg,Boat
Training/Bicycle/2015_00046.jpg,Bicycle
Training/Cat/2015_03109.jpg,Cat
Training/Bicycle/2015_00095.jpg,Bicycle
Training/Bicycle/2015_00009.jpg,Bicycle
Training/Boat/2015_00835.jpg,Boat
Training/People/2015_06448.jpg,People
Training/Bicycle/2015_00083.jpg,Bicycle
Training/People/2015_06372.jpg,People
Training/Boat/2015_00736.jpg,Boat
Training/Boat/2015_00758.jpg,Boat
Training/Bicycle/2015_00138.jpg,Bicycle
Training/Bicycle/2015_00036.jpg,Bicycle
Training/Table/2015_07051.jpg,Table
Training/Table/2015_06935.jpg,Table
Training/Bicycle/2015_00116.jpg,Bicycle
Training/Motorbike/2015_05812.jpg,Motorbike
Training/Table/2015_07024.jpg,Table
Training/Motorbike/2015_05899.jpg,Motorbike
Training/People/2015_06432.jpg,People
Training/Motorbike/2015_05945.jpg,Motorbike
Training/Table/2015_06885.jpg,Table
Training/Boat/2015_00670.jpg,Boat
Training/Cat/2015_03103.jpg,Cat
Training/Table/2015_06920.jpg,Table
Training/Bicycle/2015_00082.jpg,Bicycle
Training/Bicycle/2015_00028.jpg,Bicycle
Training/Cat/2015_03079.jpg,Cat
Training/Table/2015_07017.jpg,Table
Training/Table/2015_06963.jpg,Table
Training/People/2015_06442.jpg,People
Training/Bicycle/2015_00025.jpg,Bicycle
Training/Motorbike/2015_05858.jpg,Motorbike
Training/Motorbike/2015_05874.jpg,Motorbike
Training/Cat/2015_03264.jpg,Cat
Training/Table/2015_06866.jpg,Table
Training/Boat/2015_00772.jpg,Boat
Training/Cat/2015_03253.jpg,Cat
Training/People/2015_06258.jpg,People
Training/People/2015_06350.jpg,People
Training/Bicycle/2015_00180.jpg,Bicycle
Training/Bicycle/2015_00218.jpg,Bicycle
Training/Motorbike/2015_05954.jpg,Motorbike
Training/Bicycle/2015_00145.jpg,Bicycle
Training/Motorbike/2015_05857.jpg,Motorbike
Training/Table/2015_06905.jpg,Table
Training/Cat/2015_03225.jpg,Cat
Training/Cat/2015_03129.jpg,Cat
Training/Motorbike/2015_05765.jpg,Motorbike
Training/People/2015_06437.jpg,People
Training/People/2015_06440.jpg,People
Training/Boat/2015_00809.jpg,Boat
Training/Motorbike/2015_05766.jpg,Motorbike
Training/Boat/2015_00789.jpg,Boat
Training/Bicycle/2015_00017.jpg,Bicycle
Training/Motorbike/2015_05896.jpg,Motorbike
Training/Bicycle/2015_00158.jpg,Bicycle
Training/Motorbike/2015_05959.jpg,Motorbike
Training/Boat/2015_00799.jpg,Boat
Training/Table/2015_06856.jpg,Table
Training/People/2015_06290.jpg,People
Training/People/2015_06450.jpg,People
Training/People/2015_06343.jpg,People
Training/Motorbike/2015_05915.jpg,Motorbike
Training/Motorbike/2015_05913.jpg,Motorbike
Training/Cat/2015_03153.jpg,Cat
Training/Boat/2015_00765.jpg,Boat
Training/Cat/2015_03125.jpg,Cat
Training/People/2015_06339.jpg,People
Training/Bicycle/2015_00088.jpg,Bicycle
Training/People/2015_06281.jpg,People
Training/People/2015_06464.jpg,People
Training/Table/2015_06900.jpg,Table
Training/People/2015_06468.jpg,People
Training/Bicycle/2015_00044.jpg,Bicycle
Training/Cat/2015_03217.jpg,Cat
Training/Table/2015_06976.jpg,Table
Training/Bicycle/2015_00061.jpg,Bicycle
Training/Cat/2015_03137.jpg,Cat
Training/Boat/2015_00734.jpg,Boat
Training/Table/2015_07082.jpg,Table
Training/Bicycle/2015_00031.jpg,Bicycle
Training/Boat/2015_00854.jpg,Boat
Training/People/2015_06246.jpg,People
Training/Table/2015_06942.jpg,Table
Training/Motorbike/2015_05978.jpg,Motorbike
Training/Cat/2015_03203.jpg,Cat
Training/Boat/2015_00846.jpg,Boat
Training/Motorbike/2015_05829.jpg,Motorbike
Training/Motorbike/2015_05937.jpg,Motorbike
Training/Boat/2015_00769.jpg,Boat
Training/Boat/2015_00836.jpg,Boat
Training/Table/2015_06946.jpg,Table
Training/Bicycle/2015_00194.jpg,Bicycle
Training/Motorbike/2015_05776.jpg,Motorbike
Training/Table/2015_06960.jpg,Table
Training/Motorbike/2015_05941.jpg,Motorbike
Training/Motorbike/2015_05876.jpg,Motorbike
Training/Motorbike/2015_05785.jpg,Motorbike
Training/Boat/2015_00837.jpg,Boat
Training/Cat/2015_03101.jpg,Cat
Training/Boat/2015_00653.jpg,Boat
Training/Motorbike/2015_05883.jpg,Motorbike
Training/Boat/2015_00762.jpg,Boat
Training/Bicycle/2015_00210.jpg,Bicycle
Training/Bicycle/2015_00094.jpg,Bicycle
Training/Boat/2015_00858.jpg,Boat
Training/Table/2015_07054.jpg,Table
Training/Boat/2015_00691.jpg,Boat
Training/Cat/2015_03057.jpg,Cat
Training/Table/2015_07055.jpg,Table
Training/Motorbike/2015_05880.jpg,Motorbike
Training/Motorbike/2015_05833.jpg,Motorbike
Training/Bicycle/2015_00076.jpg,Bicycle
Training/Cat/2015_03172.jpg,Cat
Training/Cat/2015_03204.jpg,Cat
Training/Cat/2015_03158.jpg,Cat
Training/Table/2015_06979.jpg,Table
Training/Bicycle/2015_00013.jpg,Bicycle
Training/People/2015_06314.jpg,People
Training/People/2015_06443.jpg,People
Training/Table/2015_07015.jpg,Table
Training/Boat/2015_00775.jpg,Boat
Training/Table/2015_06888.jpg,Table
Training/Bicycle/2015_00151.jpg,Bicycle
Training/Table/2015_07042.jpg,Table
Training/People/2015_06355.jpg,People
Training/Table/2015_06978.jpg,Table
Training/Bicycle/2015_00223.jpg,Bicycle
Training/Boat/2015_00683.jpg,Boat
Training/Table/2015_06964.jpg,Table
Training/Motorbike/2015_05772.jpg,Motorbike
Training/Cat/2015_03115.jpg,Cat
Training/People/2015_06420.jpg,People
Training/Bicycle/2015_00075.jpg,Bicycle
Training/People/2015_06414.jpg,People
Training/Cat/2015_03078.jpg,Cat
Training/Motorbike/2015_05901.jpg,Motorbike
Training/Cat/2015_03157.jpg,Cat
Training/Table/2015_06881.jpg,Table
Training/Motorbike/2015_05753.png,Motorbike
Training/Table/2015_06988.jpg,Table
Training/Cat/2015_03051.jpg,Cat
Training/Cat/2015_03111.jpg,Cat
Training/Bicycle/2015_00197.png,Bicycle
Training/People/2015_06356.jpg,People
Training/Bicycle/2015_00148.jpg,Bicycle
Training/People/2015_06430.jpg,People
Training/Table/2015_06969.jpg,Table
Training/Boat/2015_00874.jpg,Boat
Training/Motorbike/2015_05786.jpg,Motorbike
Training/Table/2015_07007.jpg,Table
Training/People/2015_06301.jpg,People
Training/Motorbike/2015_05889.jpg,Motorbike
Training/Motorbike/2015_05816.jpg,Motorbike
Training/Table/2015_06906.jpg,Table
Training/People/2015_06282.jpg,People
Training/Bicycle/2015_00105.jpg,Bicycle
Training/Motorbike/2015_05828.jpg,Motorbike
Training/Boat/2015_00721.jpg,Boat
Training/Cat/2015_03083.jpg,Cat
Training/Motorbike/2015_05895.jpg,Motorbike
Training/Bicycle/2015_00235.jpg,Bicycle
Training/Table/2015_06961.jpg,Table
Training/Bicycle/2015_00215.jpg,Bicycle
Training/Boat/2015_00793.jpg,Boat
Training/Cat/2015_03255.jpg,Cat
Training/People/2015_06327.jpg,People
Training/Bicycle/2015_00032.jpg,Bicycle
Training/People/2015_06248.jpg,People
Training/Boat/2015_00876.jpg,Boat
Training/Bicycle/2015_00177.jpg,Bicycle
Training/Table/2015_07070.jpg,Table
Training/People/2015_06354.jpg,People
Training/Boat/2015_00730.jpg,Boat
Training/Boat/2015_00842.jpg,Boat
Training/Cat/2015_03063.jpg,Cat
Training/Motorbike/2015_05934.jpg,Motorbike
Training/Boat/2015_00747.jpg,Boat
Training/People/2015_06331.jpg,People
Training/People/2015_06484.jpg,People
Training/Boat/2015_00843.jpg,Boat
Training/People/2015_06300.jpg,People
Training/Bicycle/2015_00023.jpg,Bicycle
Training/Bicycle/2015_00045.jpg,Bicycle
Training/Bicycle/2015_00079.jpg,Bicycle
Training/Motorbike/2015_05908.jpg,Motorbike
Training/Cat/2015_03231.jpg,Cat
Training/Bicycle/2015_00173.jpg,Bicycle
Training/Motorbike/2015_05771.jpg,Motorbike
Training/Boat/2015_00798.jpg,Boat
Training/People/2015_06429.jpg,People
Training/People/2015_06271.jpg,People
Training/Cat/2015_03136.jpg,Cat
Training/Bicycle/2015_00085.jpg,Bicycle
Training/Motorbike/2015_05966.jpg,Motorbike
Training/Boat/2015_00883.jpg,Boat
Training/People/2015_06384.jpg,People
Training/Boat/2015_00699.jpg,Boat
Training/Boat/2015_00713.jpg,Boat
Training/People/2015_06457.jpg,People
Training/Cat/2015_03089.jpg,Cat
Training/Cat/2015_03068.jpg,Cat
Training/Table/2015_07077.jpg,Table
Training/Boat/2015_00728.jpg,Boat
Training/Table/2015_06948.jpg,Table
Training/Boat/2015_00812.jpg,Boat
Training/Bicycle/2015_00064.jpg,Bicycle
Training/Motorbike/2015_05779.jpg,Motorbike
Training/Boat/2015_00783.jpg,Boat
Training/People/2015_06328.jpg,People
Training/People/2015_06399.jpg,People
Training/Table/2015_06882.jpg,Table
Training/Bicycle/2015_00065.jpg,Bicycle
Training/Boat/2015_00719.jpg,Boat
Training/Boat/2015_00669.jpg,Boat
Training/Table/2015_06896.jpg,Table
Training/Motorbike/2015_05968.jpg,Motorbike
Training/Cat/2015_03085.jpg,Cat
Training/People/2015_06421.jpg,People
Training/Cat/2015_03060.jpg,Cat
Training/Table/2015_06938.jpg,Table
Training/People/2015_06270.jpg,People
Training/Bicycle/2015_00103.jpg,Bicycle
Training/Table/2015_07044.jpg,Table
Training/Boat/2015_00738.jpg,Boat
Training/Motorbike/2015_05871.jpg,Motorbike
Training/Bicycle/2015_00114.jpg,Bicycle
Training/Boat/2015_00674.jpg,Boat
Training/Motorbike/2015_05849.jpg,Motorbike
Training/Boat/2015_00754.jpg,Boat
Training/Cat/2015_03093.jpg,Cat
Training/People/2015_06370.jpg,People
Training/Bicycle/2015_00200.jpg,Bicycle
Training/Boat/2015_00770.jpg,Boat
Training/Motorbike/2015_05956.jpg,Motorbike
Training/Cat/2015_03077.jpg,Cat
Training/Boat/2015_00865.jpg,Boat
Training/Motorbike/2015_05823.jpg,Motorbike
Training/Motorbike/2015_05747.png,Motorbike
Training/Bicycle/2015_00183.jpg,Bicycle
Training/Boat/2015_00866.jpg,Boat
Training/People/2015_06367.jpg,People
Training/Table/2015_06941.jpg,Table
Training/Bicycle/2015_00142.jpg,Bicycle
Training/Cat/2015_03257.jpg,Cat
Training/People/2015_06446.jpg,People
Training/Table/2015_07066.jpg,Table
Training/Cat/2015_03209.jpg,Cat
Training/Boat/2015_00834.jpg,Boat
Training/Cat/2015_03086.jpg,Cat
Training/Table/2015_06932.jpg,Table
Training/People/2015_06288.jpg,People
Training/Motorbike/2015_05907.jpg,Motorbike
Training/People/2015_06375.jpg,People
Training/Table/2015_07005.jpg,Table
Training/Table/2015_07063.jpg,Table
Training/Boat/2015_00811.jpg,Boat
Training/Table/2015_07046.jpg,Table
Training/Boat/2015_00839.jpg,Boat
Training/Bicycle/2015_00205.jpg,Bicycle
Training/People/2015_06371.jpg,People
Training/People/2015_06423.jpg,People
Training/Table/2015_07080.jpg,Table
Training/People/2015_06406.jpg,People
Training/Cat/2015_03179.jpg,Cat
Training/Table/2015_06877.jpg,Table
Training/Motorbike/2015_05878.jpg,Motorbike
Training/Motorbike/2015_05923.jpg,Motorbike
Training/Cat/2015_03121.jpg,Cat
Training/Cat/2015_03160.jpg,Cat
Training/Bicycle/2015_00041.jpg,Bicycle
Training/Cat/2015_03144.jpg,Cat
Training/Table/2015_06872.jpg,Table
Training/Table/2015_06880.jpg,Table
Training/Motorbike/2015_05940.jpg,Motorbike
Training/People/2015_06267.jpg,People
Training/Bicycle/2015_00167.jpg,Bicycle
Training/Motorbike/2015_05770.jpg,Motorbike
Training/People/2015_06338.jpg,People
Training/Cat/2015_03105.jpg,Cat
Training/Motorbike/2015_05860.jpg,Motorbike
Training/Motorbike/2015_05813.jpg,Motorbike
Training/Motorbike/2015_05848.jpg,Motorbike
Training/People/2015_06381.jpg,People
Training/People/2015_06472.jpg,People
Training/Table/2015_06940.jpg,Table
Training/Table/2015_06947.jpg,Table
Training/Boat/2015_00744.jpg,Boat
Training/Cat/2015_03251.jpg,Cat
Training/Cat/2015_03131.jpg,Cat
Training/Boat/2015_00732.jpg,Boat
Training/People/2015_06310.jpg,People
Training/Bicycle/2015_00206.jpg,Bicycle
Training/Motorbike/2015_05946.jpg,Motorbike
Training/Table/2015_06870.jpg,Table
Training/Cat/2015_03059.jpg,Cat
Training/Boat/2015_00863.jpg,Boat
Training/Cat/2015_03046.png,Cat
Training/Boat/2015_00731.jpg,Boat
Training/Table/2015_06951.jpg,Table
Training/Cat/2015_03095.jpg,Cat
Training/Table/2015_07088.jpg,Table
Training/Motorbike/2015_05914.jpg,Motorbike
Training/People/2015_06261.jpg,People
Training/Motorbike/2015_05787.jpg,Motorbike
Training/Bicycle/2015_00165.jpg,Bicycle
Training/Motorbike/2015_05892.jpg,Motorbike
Training/Bicycle/2015_00212.jpg,Bicycle
Training/Boat/2015_00804.jpg,Boat
Training/Bicycle/2015_00143.jpg,Bicycle
Training/Table/2015_07006.jpg,Table
Training/Motorbike/2015_05782.jpg,Motorbike
Training/Bicycle/2015_00098.jpg,Bicycle
Training/People/2015_06363.jpg,People
Training/Bicycle/2015_00130.jpg,Bicycle
Training/Motorbike/2015_05930.jpg,Motorbike
Training/Motorbike/2015_05902.jpg,Motorbike
Training/Bicycle/2015_00057.jpg,Bicycle
Training/Table/2015_06911.jpg,Table
Training/Bicycle/2015_00102.jpg,Bicycle
Training/Bicycle/2015_00159.jpg,Bicycle
Training/Bicycle/2015_00163.jpg,Bicycle
Training/Boat/2015_00673.jpg,Boat
Training/Boat/2015_00776.jpg,Boat
Training/Cat/2015_03171.jpg,Cat
Training/Cat/2015_03243.jpg,Cat
Training/Motorbike/2015_05924.jpg,Motorbike
Training/Boat/2015_00880.jpg,Boat
Training/Bicycle/2015_00026.jpg,Bicycle
Training/Table/2015_07014.jpg,Table
Training/Table/2015_06954.jpg,Table
Training/Boat/2015_00726.jpg,Boat
Training/Cat/2015_03142.jpg,Cat
Training/Motorbike/2015_05984.jpg,Motorbike
Training/Cat/2015_03250.jpg,Cat
Training/Boat/2015_00857.jpg,Boat
Training/People/2015_06412.jpg,People
Training/Boat/2015_00687.jpg,Boat
Training/Cat/2015_03278.jpg,Cat
Training/Cat/2015_03168.jpg,Cat
Training/People/2015_06453.jpg,People
Training/Table/2015_07058.jpg,Table
Training/Table/2015_06975.jpg,Table
Training/Cat/2015_03173.jpg,Cat
Training/Boat/2015_00892.jpg,Boat
Training/Bicycle/2015_00188.jpg,Bicycle
Training/Bicycle/2015_00222.jpg,Bicycle
Training/Table/2015_07047.jpg,Table
Training/People/2015_06400.jpg,People
Training/Boat/2015_00678.jpg,Boat
Training/People/2015_06294.jpg,People
Training/Table/2015_06934.jpg,Table
Training/Bicycle/2015_00055.jpg,Bicycle
Training/Cat/2015_03042.jpg,Cat
Training/Bicycle/2015_00002.png,Bicycle
Training/Motorbike/2015_05754.jpg,Motorbike
Training/Bicycle/2015_00133.jpg,Bicycle
Training/Bicycle/2015_00024.JPG,Bicycle
Training/Motorbike/2015_05814.jpg,Motorbike
Training/Motorbike/2015_05790.jpg,Motorbike
Training/Boat/2015_00814.jpg,Boat
Training/Cat/2015_03218.jpg,Cat
Training/People/2015_06251.jpg,People
Training/Motorbike/2015_05898.jpg,Motorbike
Training/Cat/2015_03180.jpg,Cat
Training/Bicycle/2015_00237.jpg,Bicycle
Training/Motorbike/2015_05919.jpg,Motorbike
Training/Cat/2015_03182.jpg,Cat
Training/Table/2015_06893.jpg,Table
Training/Motorbike/2015_05846.jpg,Motorbike
Training/Boat/2015_00664.jpg,Boat
Training/Cat/2015_03169.jpg,Cat
Training/Motorbike/2015_05943.jpg,Motorbike
Training/Motorbike/2015_05850.jpg,Motorbike
Training/Bicycle/2015_00164.jpg,Bicycle
Training/Boat/2015_00826.jpg,Boat
Training/Cat/2015_03071.jpg,Cat
Training/Motorbike/2015_05962.jpg,Motorbike
Training/Cat/2015_03112.jpg,Cat
Training/Cat/2015_03170.jpg,Cat
Training/Motorbike/2015_05938.jpg,Motorbike
Training/People/2015_06315.jpg,People
Training/Cat/2015_03246.jpg,Cat
Training/Boat/2015_00786.jpg,Boat
Training/Motorbike/2015_05807.jpg,Motorbike
Training/Motorbike/2015_05808.jpg,Motorbike
Training/People/2015_06255.jpg,People
Training/Table/2015_06933.jpg,Table
Training/Bicycle/2015_00021.jpg,Bicycle
Training/Bicycle/2015_00191.jpg,Bicycle
Training/People/2015_06352.jpg,People
Training/Cat/2015_03227.jpg,Cat
Training/People/2015_06390.jpg,People
Training/Table/2015_07021.jpg,Table
Training/Boat/2015_00871.jpg,Boat
Training/Bicycle/2015_00147.jpg,Bicycle
Training/Cat/2015_03211.jpg,Cat
Training/People/2015_06433.jpg,People
Training/Table/2015_07043.jpg,Table
Training/Boat/2015_00879.jpg,Boat
Training/Bicycle/2015_00005.jpg,Bicycle
Training/Boat/2015_00665.jpg,Boat
Training/People/2015_06259.jpg,People
Training/Boat/2015_00716.jpg,Boat
Training/Bicycle/2015_00198.jpg,Bicycle
Training/Motorbike/2015_05911.jpg,Motorbike
Training/Bicycle/2015_00204.jpg,Bicycle
Training/Bicycle/2015_00234.jpg,Bicycle
Training/Cat/2015_03228.jpg,Cat
Training/Boat/2015_00860.jpg,Boat
Training/Boat/2015_00823.jpg,Boat
Training/Cat/2015_03110.jpg,Cat
Training/Cat/2015_03165.jpg,Cat
Training/Motorbike/2015_05921.jpg,Motorbike
Training/Cat/2015_03205.jpg,Cat
Training/Cat/2015_03237.jpg,Cat
Training/Motorbike/2015_05872.jpg,Motorbike
Training/Motorbike/2015_05933.jpg,Motorbike
Training/Boat/2015_00766.jpg,Boat
Training/Boat/2015_00877.jpg,Boat
Training/People/2015_06277.jpg,People
Training/Boat/2015_00800.jpg,Boat
Training/People/2015_06349.jpg,People
Training/Table/2015_06889.jpg,Table
Training/Motorbike/2015_05955.jpg,Motorbike
Training/Bicycle/2015_00207.jpg,Bicycle
Training/Cat/2015_03090.jpg,Cat
Training/Table/2015_06928.jpg,Table
Training/People/2015_06435.jpg,People
Training/People/2015_06392.jpg,People
Training/People/2015_06318.jpg,People
Training/Boat/2015_00688.jpg,Boat
Training/Table/2015_07028.jpg,Table
Training/People/2015_06478.jpg,People
Training/Motorbike/2015_05852.jpg,Motorbike
Training/Table/2015_07052.jpg,Table
Training/Cat/2015_03272.jpg,Cat
Training/Boat/2015_00831.jpg,Boat
Training/Bicycle/2015_00010.jpg,Bicycle
Training/Motorbike/2015_05961.jpg,Motorbike
Training/Table/2015_06943.jpg,Table
Training/People/2015_06268.jpg,People
Training/People/2015_06336.jpg,People
Training/Boat/2015_00830.jpg,Boat
Training/Boat/2015_00759.jpg,Boat
Training/Motorbike/2015_05827.jpg,Motorbike
Training/Boat/2015_00771.jpg,Boat
Training/Bicycle/2015_00089.jpg,Bicycle
Training/Cat/2015_03091.jpg,Cat
Training/Cat/2015_03106.jpg,Cat
Training/Table/2015_06910.jpg,Table
Training/Boat/2015_00813.jpg,Boat
Training/Table/2015_06898.jpg,Table
Training/Table/2015_07002.jpg,Table
Training/Motorbike/2015_05916.jpg,Motorbike
Training/Bicycle/2015_00202.jpg,Bicycle
Training/Bicycle/2015_00226.jpg,Bicycle
Training/Motorbike/2015_05894.jpg,Motorbike
Training/People/2015_06345.jpg,People
Training/Motorbike/2015_05746.jpg,Motorbike
Training/People/2015_06347.jpg,People
Training/People/2015_06280.jpg,People
Training/Bicycle/2015_00228.jpg,Bicycle
Training/Table/2015_07078.jpg,Table
Training/Boat/2015_00709.jpg,Boat
Training/Bicycle/2015_00132.jpg,Bicycle
Training/Bicycle/2015_00001.png,Bicycle
Training/Table/2015_06983.jpg,Table
Training/Table/2015_06937.jpg,Table
Training/Table/2015_07008.jpg,Table
Training/Boat/2015_00890.jpg,Boat
Training/Cat/2015_03122.jpg,Cat
Training/Table/2015_06875.jpg,Table
Training/Table/2015_06876.jpg,Table
Training/Cat/2015_03152.jpg,Cat
Training/Boat/2015_00692.jpg,Boat
Training/Cat/2015_03163.jpg,Cat
Training/Table/2015_06972.jpg,Table
Training/Table/2015_06917.jpg,Table
Training/Table/2015_06958.jpg,Table
Training/People/2015_06292.jpg,People
Training/Cat/2015_03276.jpg,Cat
Training/Cat/2015_03161.jpg,Cat
Training/Boat/2015_00737.jpg,Boat
Training/Bicycle/2015_00195.jpg,Bicycle
Training/People/2015_06436.jpg,People
Training/Cat/2015_03151.jpg,Cat
Training/Boat/2015_00654.jpg,Boat
Training/Bicycle/2015_00058.jpg,Bicycle
Training/People/2015_06451.jpg,People
Training/Boat/2015_00761.jpg,Boat
Training/Motorbike/2015_05981.jpg,Motorbike
Training/Motorbike/2015_05936.jpg,Motorbike
Training/Boat/2015_00891.jpg,Boat
Training/People/2015_06276.jpg,People
Training/People/2015_06477.jpg,People
Training/People/2015_06379.jpg,People
Training/Cat/2015_03210.jpg,Cat
Training/Bicycle/2015_00157.jpg,Bicycle
Training/People/2015_06458.jpg,People
Training/Boat/2015_00845.jpg,Boat
Training/Cat/2015_03230.jpg,Cat
Training/People/2015_06260.jpg,People
Training/Cat/2015_03064.jpg,Cat
Training/Motorbike/2015_05783.jpg,Motorbike
Training/People/2015_06454.jpg,People
Training/Bicycle/2015_00077.jpg,Bicycle
Training/Motorbike/2015_05975.jpg,Motorbike
Training/Cat/2015_03219.jpg,Cat
Training/Motorbike/2015_05764.jpg,Motorbike
Training/Cat/2015_03188.jpg,Cat
Training/Bicycle/2015_00069.jpg,Bicycle
Training/People/2015_06439.jpg,People
Training/Cat/2015_03119.jpg,Cat
Training/Bicycle/2015_00027.jpg,Bicycle
Training/Boat/2015_00660.jpg,Boat
Training/Motorbike/2015_05837.jpg,Motorbike
Training/Cat/2015_03262.jpg,Cat
Training/Table/2015_07060.jpg,Table
Training/People/2015_06289.jpg,People
Training/Motorbike/2015_05821.jpg,Motorbike
Training/Motorbike/2015_05847.jpg,Motorbike
Training/Motorbike/2015_05909.jpg,Motorbike
Training/Motorbike/2015_05750.png,Motorbike
Training/Table/2015_06895.jpg,Table
Training/Bicycle/2015_00120.jpg,Bicycle
Training/Bicycle/2015_00125.jpg,Bicycle
Training/Table/2015_06867.jpg,Table
Training/Table/2015_06924.jpg,Table
Training/Cat/2015_03073.jpg,Cat
Training/Boat/2015_00717.jpg,Boat
Training/Table/2015_07075.jpg,Table
Training/Table/2015_07068.jpg,Table
Training/Cat/2015_03232.jpg,Cat
Training/Bicycle/2015_00208.jpg,Bicycle
Training/Table/2015_06973.jpg,Table
Training/Cat/2015_03044.jpg,Cat
Training/Bicycle/2015_00238.jpg,Bicycle
Training/Cat/2015_03222.jpg,Cat
Training/Table/2015_06949.jpg,Table
Training/Motorbike/2015_05927.jpg,Motorbike
Training/Table/2015_06984.jpg,Table
Training/Bicycle/2015_00227.jpg,Bicycle
Training/Boat/2015_00870.jpg,Boat
Training/Boat/2015_00859.jpg,Boat
Training/Cat/2015_03220.jpg,Cat
Training/Motorbike/2015_05825.jpg,Motorbike
Training/Bicycle/2015_00051.jpg,Bicycle
Training/Table/2015_06865.jpg,Table
Training/Boat/2015_00833.jpg,Boat
Training/Table/2015_07049.jpg,Table
Training/Motorbike/2015_05912.jpg,Motorbike
Training/Motorbike/2015_05929.jpg,Motorbike
Training/Bicycle/2015_00175.jpg,Bicycle
